station_id,month,day,temperature,flag,date,city
USC00042319,01,1,51,S,0000-01-01,Death Valley
USC00042319,01,2,51.2,S,0000-01-02,Death Valley
USC00042319,01,3,51.3,S,0000-01-03,Death Valley
USC00042319,01,4,51.4,S,0000-01-04,Death Valley
USC00042319,01,5,51.6,S,0000-01-05,Death Valley
USC00042319,01,6,51.7,S,0000-01-06,Death Valley
USC00042319,01,7,51.9,S,0000-01-07,Death Valley
USC00042319,01,8,52,S,0000-01-08,Death Valley
USC00042319,01,9,52.2,S,0000-01-09,Death Valley
USC00042319,01,10,52.3,S,0000-01-10,Death Valley
USC00042319,01,11,52.5,S,0000-01-11,Death Valley
USC00042319,01,12,52.7,S,0000-01-12,Death Valley
USC00042319,01,13,52.9,S,0000-01-13,Death Valley
USC00042319,01,14,53,S,0000-01-14,Death Valley
USC00042319,01,15,53.2,S,0000-01-15,Death Valley
USC00042319,01,16,53.4,S,0000-01-16,Death Valley
USC00042319,01,17,53.6,S,0000-01-17,Death Valley
USC00042319,01,18,53.7,S,0000-01-18,Death Valley
USC00042319,01,19,53.9,S,0000-01-19,Death Valley
USC00042319,01,20,54.1,S,0000-01-20,Death Valley
USC00042319,01,21,54.3,S,0000-01-21,Death Valley
USC00042319,01,22,54.5,S,0000-01-22,Death Valley
USC00042319,01,23,54.6,S,0000-01-23,Death Valley
USC00042319,01,24,54.8,S,0000-01-24,Death Valley
USC00042319,01,25,55,S,0000-01-25,Death Valley
USC00042319,01,26,55.2,S,0000-01-26,Death Valley
USC00042319,01,27,55.4,S,0000-01-27,Death Valley
USC00042319,01,28,55.6,S,0000-01-28,Death Valley
USC00042319,01,29,55.8,S,0000-01-29,Death Valley
USC00042319,01,30,56,S,0000-01-30,Death Valley
USC00042319,01,31,56.2,S,0000-01-31,Death Valley
USC00042319,02,1,56.4,S,0000-02-01,Death Valley
USC00042319,02,2,56.6,S,0000-02-02,Death Valley
USC00042319,02,3,56.8,S,0000-02-03,Death Valley
USC00042319,02,4,57,S,0000-02-04,Death Valley
USC00042319,02,5,57.2,S,0000-02-05,Death Valley
USC00042319,02,6,57.5,S,0000-02-06,Death Valley
USC00042319,02,7,57.7,S,0000-02-07,Death Valley
USC00042319,02,8,57.9,S,0000-02-08,Death Valley
USC00042319,02,9,58.2,S,0000-02-09,Death Valley
USC00042319,02,10,58.4,S,0000-02-10,Death Valley
USC00042319,02,11,58.7,S,0000-02-11,Death Valley
USC00042319,02,12,58.9,S,0000-02-12,Death Valley
USC00042319,02,13,59.2,S,0000-02-13,Death Valley
USC00042319,02,14,59.5,S,0000-02-14,Death Valley
USC00042319,02,15,59.8,S,0000-02-15,Death Valley
USC00042319,02,16,60.1,S,0000-02-16,Death Valley
USC00042319,02,17,60.3,S,0000-02-17,Death Valley
USC00042319,02,18,60.6,S,0000-02-18,Death Valley
USC00042319,02,19,60.9,S,0000-02-19,Death Valley
USC00042319,02,20,61.2,S,0000-02-20,Death Valley
USC00042319,02,21,61.6,S,0000-02-21,Death Valley
USC00042319,02,22,61.9,S,0000-02-22,Death Valley
USC00042319,02,23,62.2,S,0000-02-23,Death Valley
USC00042319,02,24,62.5,S,0000-02-24,Death Valley
USC00042319,02,25,62.8,S,0000-02-25,Death Valley
USC00042319,02,26,63.2,S,0000-02-26,Death Valley
USC00042319,02,27,63.5,S,0000-02-27,Death Valley
USC00042319,02,28,63.8,S,0000-02-28,Death Valley
USC00042319,02,29,64,S,0000-02-29,Death Valley
USC00042319,03,1,64.1,S,0000-03-01,Death Valley
USC00042319,03,2,64.5,S,0000-03-02,Death Valley
USC00042319,03,3,64.8,S,0000-03-03,Death Valley
USC00042319,03,4,65.1,S,0000-03-04,Death Valley
USC00042319,03,5,65.4,S,0000-03-05,Death Valley
USC00042319,03,6,65.7,S,0000-03-06,Death Valley
USC00042319,03,7,66,S,0000-03-07,Death Valley
USC00042319,03,8,66.3,S,0000-03-08,Death Valley
USC00042319,03,9,66.7,S,0000-03-09,Death Valley
USC00042319,03,10,67,S,0000-03-10,Death Valley
USC00042319,03,11,67.2,S,0000-03-11,Death Valley
USC00042319,03,12,67.5,S,0000-03-12,Death Valley
USC00042319,03,13,67.8,S,0000-03-13,Death Valley
USC00042319,03,14,68.1,S,0000-03-14,Death Valley
USC00042319,03,15,68.4,S,0000-03-15,Death Valley
USC00042319,03,16,68.6,S,0000-03-16,Death Valley
USC00042319,03,17,68.9,S,0000-03-17,Death Valley
USC00042319,03,18,69.2,S,0000-03-18,Death Valley
USC00042319,03,19,69.4,S,0000-03-19,Death Valley
USC00042319,03,20,69.7,S,0000-03-20,Death Valley
USC00042319,03,21,69.9,S,0000-03-21,Death Valley
USC00042319,03,22,70.1,S,0000-03-22,Death Valley
USC00042319,03,23,70.4,S,0000-03-23,Death Valley
USC00042319,03,24,70.6,S,0000-03-24,Death Valley
USC00042319,03,25,70.8,S,0000-03-25,Death Valley
USC00042319,03,26,71.1,S,0000-03-26,Death Valley
USC00042319,03,27,71.3,S,0000-03-27,Death Valley
USC00042319,03,28,71.5,S,0000-03-28,Death Valley
USC00042319,03,29,71.7,S,0000-03-29,Death Valley
USC00042319,03,30,71.9,S,0000-03-30,Death Valley
USC00042319,03,31,72.2,S,0000-03-31,Death Valley
USC00042319,04,1,72.4,S,0000-04-01,Death Valley
USC00042319,04,2,72.6,S,0000-04-02,Death Valley
USC00042319,04,3,72.8,S,0000-04-03,Death Valley
USC00042319,04,4,73.1,S,0000-04-04,Death Valley
USC00042319,04,5,73.3,S,0000-04-05,Death Valley
USC00042319,04,6,73.5,S,0000-04-06,Death Valley
USC00042319,04,7,73.8,S,0000-04-07,Death Valley
USC00042319,04,8,74,S,0000-04-08,Death Valley
USC00042319,04,9,74.3,S,0000-04-09,Death Valley
USC00042319,04,10,74.5,S,0000-04-10,Death Valley
USC00042319,04,11,74.8,S,0000-04-11,Death Valley
USC00042319,04,12,75.1,S,0000-04-12,Death Valley
USC00042319,04,13,75.3,S,0000-04-13,Death Valley
USC00042319,04,14,75.6,S,0000-04-14,Death Valley
USC00042319,04,15,75.9,S,0000-04-15,Death Valley
USC00042319,04,16,76.2,S,0000-04-16,Death Valley
USC00042319,04,17,76.5,S,0000-04-17,Death Valley
USC00042319,04,18,76.8,S,0000-04-18,Death Valley
USC00042319,04,19,77.1,S,0000-04-19,Death Valley
USC00042319,04,20,77.5,S,0000-04-20,Death Valley
USC00042319,04,21,77.8,S,0000-04-21,Death Valley
USC00042319,04,22,78.1,S,0000-04-22,Death Valley
USC00042319,04,23,78.5,S,0000-04-23,Death Valley
USC00042319,04,24,78.8,S,0000-04-24,Death Valley
USC00042319,04,25,79.2,S,0000-04-25,Death Valley
USC00042319,04,26,79.5,S,0000-04-26,Death Valley
USC00042319,04,27,79.9,S,0000-04-27,Death Valley
USC00042319,04,28,80.3,S,0000-04-28,Death Valley
USC00042319,04,29,80.6,S,0000-04-29,Death Valley
USC00042319,04,30,81,S,0000-04-30,Death Valley
USC00042319,05,1,81.4,R,0000-05-01,Death Valley
USC00042319,05,2,81.7,R,0000-05-02,Death Valley
USC00042319,05,3,82.1,R,0000-05-03,Death Valley
USC00042319,05,4,82.5,R,0000-05-04,Death Valley
USC00042319,05,5,82.9,R,0000-05-05,Death Valley
USC00042319,05,6,83.2,R,0000-05-06,Death Valley
USC00042319,05,7,83.6,R,0000-05-07,Death Valley
USC00042319,05,8,84,R,0000-05-08,Death Valley
USC00042319,05,9,84.3,R,0000-05-09,Death Valley
USC00042319,05,10,84.7,R,0000-05-10,Death Valley
USC00042319,05,11,85.1,R,0000-05-11,Death Valley
USC00042319,05,12,85.4,R,0000-05-12,Death Valley
USC00042319,05,13,85.8,R,0000-05-13,Death Valley
USC00042319,05,14,86.1,R,0000-05-14,Death Valley
USC00042319,05,15,86.4,R,0000-05-15,Death Valley
USC00042319,05,16,86.8,R,0000-05-16,Death Valley
USC00042319,05,17,87.1,R,0000-05-17,Death Valley
USC00042319,05,18,87.4,R,0000-05-18,Death Valley
USC00042319,05,19,87.8,R,0000-05-19,Death Valley
USC00042319,05,20,88.1,R,0000-05-20,Death Valley
USC00042319,05,21,88.4,R,0000-05-21,Death Valley
USC00042319,05,22,88.7,R,0000-05-22,Death Valley
USC00042319,05,23,89,R,0000-05-23,Death Valley
USC00042319,05,24,89.3,R,0000-05-24,Death Valley
USC00042319,05,25,89.6,R,0000-05-25,Death Valley
USC00042319,05,26,89.9,R,0000-05-26,Death Valley
USC00042319,05,27,90.1,R,0000-05-27,Death Valley
USC00042319,05,28,90.4,R,0000-05-28,Death Valley
USC00042319,05,29,90.7,R,0000-05-29,Death Valley
USC00042319,05,30,91,R,0000-05-30,Death Valley
USC00042319,05,31,91.3,R,0000-05-31,Death Valley
USC00042319,06,1,91.5,R,0000-06-01,Death Valley
USC00042319,06,2,91.8,R,0000-06-02,Death Valley
USC00042319,06,3,92.1,R,0000-06-03,Death Valley
USC00042319,06,4,92.3,R,0000-06-04,Death Valley
USC00042319,06,5,92.6,R,0000-06-05,Death Valley
USC00042319,06,6,92.9,R,0000-06-06,Death Valley
USC00042319,06,7,93.1,R,0000-06-07,Death Valley
USC00042319,06,8,93.4,R,0000-06-08,Death Valley
USC00042319,06,9,93.7,R,0000-06-09,Death Valley
USC00042319,06,10,94,R,0000-06-10,Death Valley
USC00042319,06,11,94.2,R,0000-06-11,Death Valley
USC00042319,06,12,94.5,R,0000-06-12,Death Valley
USC00042319,06,13,94.8,R,0000-06-13,Death Valley
USC00042319,06,14,95.1,R,0000-06-14,Death Valley
USC00042319,06,15,95.4,R,0000-06-15,Death Valley
USC00042319,06,16,95.7,R,0000-06-16,Death Valley
USC00042319,06,17,95.9,R,0000-06-17,Death Valley
USC00042319,06,18,96.2,R,0000-06-18,Death Valley
USC00042319,06,19,96.5,R,0000-06-19,Death Valley
USC00042319,06,20,96.8,R,0000-06-20,Death Valley
USC00042319,06,21,97.1,R,0000-06-21,Death Valley
USC00042319,06,22,97.4,R,0000-06-22,Death Valley
USC00042319,06,23,97.7,R,0000-06-23,Death Valley
USC00042319,06,24,98,R,0000-06-24,Death Valley
USC00042319,06,25,98.3,R,0000-06-25,Death Valley
USC00042319,06,26,98.5,R,0000-06-26,Death Valley
USC00042319,06,27,98.8,R,0000-06-27,Death Valley
USC00042319,06,28,99.1,R,0000-06-28,Death Valley
USC00042319,06,29,99.4,R,0000-06-29,Death Valley
USC00042319,06,30,99.6,R,0000-06-30,Death Valley
USC00042319,07,1,99.9,R,0000-07-01,Death Valley
USC00042319,07,2,100.2,R,0000-07-02,Death Valley
USC00042319,07,3,100.4,R,0000-07-03,Death Valley
USC00042319,07,4,100.6,R,0000-07-04,Death Valley
USC00042319,07,5,100.9,R,0000-07-05,Death Valley
USC00042319,07,6,101.1,R,0000-07-06,Death Valley
USC00042319,07,7,101.3,R,0000-07-07,Death Valley
USC00042319,07,8,101.5,R,0000-07-08,Death Valley
USC00042319,07,9,101.7,R,0000-07-09,Death Valley
USC00042319,07,10,101.9,R,0000-07-10,Death Valley
USC00042319,07,11,102.1,R,0000-07-11,Death Valley
USC00042319,07,12,102.2,R,0000-07-12,Death Valley
USC00042319,07,13,102.4,R,0000-07-13,Death Valley
USC00042319,07,14,102.5,R,0000-07-14,Death Valley
USC00042319,07,15,102.6,R,0000-07-15,Death Valley
USC00042319,07,16,102.8,R,0000-07-16,Death Valley
USC00042319,07,17,102.9,R,0000-07-17,Death Valley
USC00042319,07,18,102.9,R,0000-07-18,Death Valley
USC00042319,07,19,103,R,0000-07-19,Death Valley
USC00042319,07,20,103.1,R,0000-07-20,Death Valley
USC00042319,07,21,103.1,R,0000-07-21,Death Valley
USC00042319,07,22,103.1,R,0000-07-22,Death Valley
USC00042319,07,23,103.1,R,0000-07-23,Death Valley
USC00042319,07,24,103.2,R,0000-07-24,Death Valley
USC00042319,07,25,103.1,R,0000-07-25,Death Valley
USC00042319,07,26,103.1,R,0000-07-26,Death Valley
USC00042319,07,27,103.1,R,0000-07-27,Death Valley
USC00042319,07,28,103,R,0000-07-28,Death Valley
USC00042319,07,29,103,R,0000-07-29,Death Valley
USC00042319,07,30,102.9,R,0000-07-30,Death Valley
USC00042319,07,31,102.8,R,0000-07-31,Death Valley
USC00042319,08,1,102.7,R,0000-08-01,Death Valley
USC00042319,08,2,102.6,R,0000-08-02,Death Valley
USC00042319,08,3,102.5,R,0000-08-03,Death Valley
USC00042319,08,4,102.4,R,0000-08-04,Death Valley
USC00042319,08,5,102.3,R,0000-08-05,Death Valley
USC00042319,08,6,102.2,R,0000-08-06,Death Valley
USC00042319,08,7,102,R,0000-08-07,Death Valley
USC00042319,08,8,101.9,R,0000-08-08,Death Valley
USC00042319,08,9,101.7,R,0000-08-09,Death Valley
USC00042319,08,10,101.5,R,0000-08-10,Death Valley
USC00042319,08,11,101.4,R,0000-08-11,Death Valley
USC00042319,08,12,101.2,R,0000-08-12,Death Valley
USC00042319,08,13,101,R,0000-08-13,Death Valley
USC00042319,08,14,100.8,R,0000-08-14,Death Valley
USC00042319,08,15,100.6,R,0000-08-15,Death Valley
USC00042319,08,16,100.4,R,0000-08-16,Death Valley
USC00042319,08,17,100.2,R,0000-08-17,Death Valley
USC00042319,08,18,100,R,0000-08-18,Death Valley
USC00042319,08,19,99.8,R,0000-08-19,Death Valley
USC00042319,08,20,99.6,R,0000-08-20,Death Valley
USC00042319,08,21,99.4,R,0000-08-21,Death Valley
USC00042319,08,22,99.1,R,0000-08-22,Death Valley
USC00042319,08,23,98.9,R,0000-08-23,Death Valley
USC00042319,08,24,98.6,R,0000-08-24,Death Valley
USC00042319,08,25,98.4,R,0000-08-25,Death Valley
USC00042319,08,26,98.1,R,0000-08-26,Death Valley
USC00042319,08,27,97.9,R,0000-08-27,Death Valley
USC00042319,08,28,97.6,R,0000-08-28,Death Valley
USC00042319,08,29,97.3,R,0000-08-29,Death Valley
USC00042319,08,30,97.1,R,0000-08-30,Death Valley
USC00042319,08,31,96.8,R,0000-08-31,Death Valley
USC00042319,09,1,96.5,R,0000-09-01,Death Valley
USC00042319,09,2,96.2,R,0000-09-02,Death Valley
USC00042319,09,3,95.9,R,0000-09-03,Death Valley
USC00042319,09,4,95.6,R,0000-09-04,Death Valley
USC00042319,09,5,95.2,R,0000-09-05,Death Valley
USC00042319,09,6,94.9,R,0000-09-06,Death Valley
USC00042319,09,7,94.6,R,0000-09-07,Death Valley
USC00042319,09,8,94.2,R,0000-09-08,Death Valley
USC00042319,09,9,93.8,R,0000-09-09,Death Valley
USC00042319,09,10,93.5,R,0000-09-10,Death Valley
USC00042319,09,11,93.1,R,0000-09-11,Death Valley
USC00042319,09,12,92.7,R,0000-09-12,Death Valley
USC00042319,09,13,92.3,R,0000-09-13,Death Valley
USC00042319,09,14,91.9,R,0000-09-14,Death Valley
USC00042319,09,15,91.5,R,0000-09-15,Death Valley
USC00042319,09,16,91.1,R,0000-09-16,Death Valley
USC00042319,09,17,90.7,R,0000-09-17,Death Valley
USC00042319,09,18,90.3,R,0000-09-18,Death Valley
USC00042319,09,19,89.8,R,0000-09-19,Death Valley
USC00042319,09,20,89.4,R,0000-09-20,Death Valley
USC00042319,09,21,88.9,R,0000-09-21,Death Valley
USC00042319,09,22,88.5,R,0000-09-22,Death Valley
USC00042319,09,23,88,R,0000-09-23,Death Valley
USC00042319,09,24,87.6,R,0000-09-24,Death Valley
USC00042319,09,25,87.1,R,0000-09-25,Death Valley
USC00042319,09,26,86.6,R,0000-09-26,Death Valley
USC00042319,09,27,86.1,R,0000-09-27,Death Valley
USC00042319,09,28,85.7,R,0000-09-28,Death Valley
USC00042319,09,29,85.2,R,0000-09-29,Death Valley
USC00042319,09,30,84.7,R,0000-09-30,Death Valley
USC00042319,10,1,84.2,S,0000-10-01,Death Valley
USC00042319,10,2,83.7,S,0000-10-02,Death Valley
USC00042319,10,3,83.3,S,0000-10-03,Death Valley
USC00042319,10,4,82.8,S,0000-10-04,Death Valley
USC00042319,10,5,82.3,S,0000-10-05,Death Valley
USC00042319,10,6,81.8,S,0000-10-06,Death Valley
USC00042319,10,7,81.3,S,0000-10-07,Death Valley
USC00042319,10,8,80.9,S,0000-10-08,Death Valley
USC00042319,10,9,80.4,S,0000-10-09,Death Valley
USC00042319,10,10,79.9,S,0000-10-10,Death Valley
USC00042319,10,11,79.4,S,0000-10-11,Death Valley
USC00042319,10,12,79,S,0000-10-12,Death Valley
USC00042319,10,13,78.5,S,0000-10-13,Death Valley
USC00042319,10,14,78,S,0000-10-14,Death Valley
USC00042319,10,15,77.6,S,0000-10-15,Death Valley
USC00042319,10,16,77.1,S,0000-10-16,Death Valley
USC00042319,10,17,76.6,S,0000-10-17,Death Valley
USC00042319,10,18,76.2,S,0000-10-18,Death Valley
USC00042319,10,19,75.7,S,0000-10-19,Death Valley
USC00042319,10,20,75.3,S,0000-10-20,Death Valley
USC00042319,10,21,74.8,S,0000-10-21,Death Valley
USC00042319,10,22,74.3,S,0000-10-22,Death Valley
USC00042319,10,23,73.9,S,0000-10-23,Death Valley
USC00042319,10,24,73.4,S,0000-10-24,Death Valley
USC00042319,10,25,73,S,0000-10-25,Death Valley
USC00042319,10,26,72.5,S,0000-10-26,Death Valley
USC00042319,10,27,72.1,S,0000-10-27,Death Valley
USC00042319,10,28,71.6,S,0000-10-28,Death Valley
USC00042319,10,29,71.1,S,0000-10-29,Death Valley
USC00042319,10,30,70.7,S,0000-10-30,Death Valley
USC00042319,10,31,70.2,S,0000-10-31,Death Valley
USC00042319,11,1,69.7,S,0000-11-01,Death Valley
USC00042319,11,2,69.3,S,0000-11-02,Death Valley
USC00042319,11,3,68.8,S,0000-11-03,Death Valley
USC00042319,11,4,68.3,S,0000-11-04,Death Valley
USC00042319,11,5,67.8,S,0000-11-05,Death Valley
USC00042319,11,6,67.3,S,0000-11-06,Death Valley
USC00042319,11,7,66.9,S,0000-11-07,Death Valley
USC00042319,11,8,66.4,S,0000-11-08,Death Valley
USC00042319,11,9,65.9,S,0000-11-09,Death Valley
USC00042319,11,10,65.4,S,0000-11-10,Death Valley
USC00042319,11,11,64.9,S,0000-11-11,Death Valley
USC00042319,11,12,64.4,S,0000-11-12,Death Valley
USC00042319,11,13,63.9,S,0000-11-13,Death Valley
USC00042319,11,14,63.3,S,0000-11-14,Death Valley
USC00042319,11,15,62.8,S,0000-11-15,Death Valley
USC00042319,11,16,62.3,S,0000-11-16,Death Valley
USC00042319,11,17,61.8,S,0000-11-17,Death Valley
USC00042319,11,18,61.3,S,0000-11-18,Death Valley
USC00042319,11,19,60.8,S,0000-11-19,Death Valley
USC00042319,11,20,60.3,S,0000-11-20,Death Valley
USC00042319,11,21,59.8,S,0000-11-21,Death Valley
USC00042319,11,22,59.3,S,0000-11-22,Death Valley
USC00042319,11,23,58.8,S,0000-11-23,Death Valley
USC00042319,11,24,58.3,S,0000-11-24,Death Valley
USC00042319,11,25,57.9,S,0000-11-25,Death Valley
USC00042319,11,26,57.4,S,0000-11-26,Death Valley
USC00042319,11,27,56.9,S,0000-11-27,Death Valley
USC00042319,11,28,56.5,S,0000-11-28,Death Valley
USC00042319,11,29,56,S,0000-11-29,Death Valley
USC00042319,11,30,55.6,S,0000-11-30,Death Valley
USC00042319,12,1,55.2,S,0000-12-01,Death Valley
USC00042319,12,2,54.8,S,0000-12-02,Death Valley
USC00042319,12,3,54.4,S,0000-12-03,Death Valley
USC00042319,12,4,54,S,0000-12-04,Death Valley
USC00042319,12,5,53.7,S,0000-12-05,Death Valley
USC00042319,12,6,53.3,S,0000-12-06,Death Valley
USC00042319,12,7,53,S,0000-12-07,Death Valley
USC00042319,12,8,52.7,S,0000-12-08,Death Valley
USC00042319,12,9,52.4,S,0000-12-09,Death Valley
USC00042319,12,10,52.2,S,0000-12-10,Death Valley
USC00042319,12,11,51.9,S,0000-12-11,Death Valley
USC00042319,12,12,51.7,S,0000-12-12,Death Valley
USC00042319,12,13,51.5,S,0000-12-13,Death Valley
USC00042319,12,14,51.3,S,0000-12-14,Death Valley
USC00042319,12,15,51.1,S,0000-12-15,Death Valley
USC00042319,12,16,51,S,0000-12-16,Death Valley
USC00042319,12,17,50.9,S,0000-12-17,Death Valley
USC00042319,12,18,50.8,S,0000-12-18,Death Valley
USC00042319,12,19,50.7,S,0000-12-19,Death Valley
USC00042319,12,20,50.6,S,0000-12-20,Death Valley
USC00042319,12,21,50.6,S,0000-12-21,Death Valley
USC00042319,12,22,50.5,S,0000-12-22,Death Valley
USC00042319,12,23,50.5,S,0000-12-23,Death Valley
USC00042319,12,24,50.5,S,0000-12-24,Death Valley
USC00042319,12,25,50.5,S,0000-12-25,Death Valley
USC00042319,12,26,50.6,S,0000-12-26,Death Valley
USC00042319,12,27,50.6,S,0000-12-27,Death Valley
USC00042319,12,28,50.7,S,0000-12-28,Death Valley
USC00042319,12,29,50.8,S,0000-12-29,Death Valley
USC00042319,12,30,50.8,S,0000-12-30,Death Valley
USC00042319,12,31,50.9,S,0000-12-31,Death Valley
USC00516128,01,1,70.4,C,0000-01-01,Honolulu
USC00516128,01,2,70.3,C,0000-01-02,Honolulu
USC00516128,01,3,70.3,C,0000-01-03,Honolulu
USC00516128,01,4,70.3,C,0000-01-04,Honolulu
USC00516128,01,5,70.2,C,0000-01-05,Honolulu
USC00516128,01,6,70.2,C,0000-01-06,Honolulu
USC00516128,01,7,70.1,C,0000-01-07,Honolulu
USC00516128,01,8,70.1,C,0000-01-08,Honolulu
USC00516128,01,9,70.1,C,0000-01-09,Honolulu
USC00516128,01,10,70,C,0000-01-10,Honolulu
USC00516128,01,11,70,C,0000-01-11,Honolulu
USC00516128,01,12,70,C,0000-01-12,Honolulu
USC00516128,01,13,70,C,0000-01-13,Honolulu
USC00516128,01,14,69.9,C,0000-01-14,Honolulu
USC00516128,01,15,69.9,C,0000-01-15,Honolulu
USC00516128,01,16,69.9,C,0000-01-16,Honolulu
USC00516128,01,17,69.9,C,0000-01-17,Honolulu
USC00516128,01,18,69.9,C,0000-01-18,Honolulu
USC00516128,01,19,69.8,C,0000-01-19,Honolulu
USC00516128,01,20,69.8,C,0000-01-20,Honolulu
USC00516128,01,21,69.8,C,0000-01-21,Honolulu
USC00516128,01,22,69.8,C,0000-01-22,Honolulu
USC00516128,01,23,69.8,C,0000-01-23,Honolulu
USC00516128,01,24,69.8,C,0000-01-24,Honolulu
USC00516128,01,25,69.8,C,0000-01-25,Honolulu
USC00516128,01,26,69.7,C,0000-01-26,Honolulu
USC00516128,01,27,69.7,C,0000-01-27,Honolulu
USC00516128,01,28,69.7,C,0000-01-28,Honolulu
USC00516128,01,29,69.7,C,0000-01-29,Honolulu
USC00516128,01,30,69.7,C,0000-01-30,Honolulu
USC00516128,01,31,69.7,C,0000-01-31,Honolulu
USC00516128,02,1,69.7,S,0000-02-01,Honolulu
USC00516128,02,2,69.7,S,0000-02-02,Honolulu
USC00516128,02,3,69.7,S,0000-02-03,Honolulu
USC00516128,02,4,69.7,S,0000-02-04,Honolulu
USC00516128,02,5,69.7,S,0000-02-05,Honolulu
USC00516128,02,6,69.7,S,0000-02-06,Honolulu
USC00516128,02,7,69.7,S,0000-02-07,Honolulu
USC00516128,02,8,69.7,S,0000-02-08,Honolulu
USC00516128,02,9,69.8,S,0000-02-09,Honolulu
USC00516128,02,10,69.8,S,0000-02-10,Honolulu
USC00516128,02,11,69.8,S,0000-02-11,Honolulu
USC00516128,02,12,69.8,S,0000-02-12,Honolulu
USC00516128,02,13,69.8,S,0000-02-13,Honolulu
USC00516128,02,14,69.8,S,0000-02-14,Honolulu
USC00516128,02,15,69.8,S,0000-02-15,Honolulu
USC00516128,02,16,69.8,S,0000-02-16,Honolulu
USC00516128,02,17,69.9,S,0000-02-17,Honolulu
USC00516128,02,18,69.9,S,0000-02-18,Honolulu
USC00516128,02,19,69.9,S,0000-02-19,Honolulu
USC00516128,02,20,69.9,S,0000-02-20,Honolulu
USC00516128,02,21,69.9,S,0000-02-21,Honolulu
USC00516128,02,22,70,S,0000-02-22,Honolulu
USC00516128,02,23,70,S,0000-02-23,Honolulu
USC00516128,02,24,70,S,0000-02-24,Honolulu
USC00516128,02,25,70,S,0000-02-25,Honolulu
USC00516128,02,26,70,S,0000-02-26,Honolulu
USC00516128,02,27,70.1,S,0000-02-27,Honolulu
USC00516128,02,28,70.1,S,0000-02-28,Honolulu
USC00516128,02,29,70.1,S,0000-02-29,Honolulu
USC00516128,03,1,70.1,C,0000-03-01,Honolulu
USC00516128,03,2,70.1,C,0000-03-02,Honolulu
USC00516128,03,3,70.2,C,0000-03-03,Honolulu
USC00516128,03,4,70.2,C,0000-03-04,Honolulu
USC00516128,03,5,70.2,C,0000-03-05,Honolulu
USC00516128,03,6,70.2,C,0000-03-06,Honolulu
USC00516128,03,7,70.2,C,0000-03-07,Honolulu
USC00516128,03,8,70.3,C,0000-03-08,Honolulu
USC00516128,03,9,70.3,C,0000-03-09,Honolulu
USC00516128,03,10,70.3,C,0000-03-10,Honolulu
USC00516128,03,11,70.3,C,0000-03-11,Honolulu
USC00516128,03,12,70.3,C,0000-03-12,Honolulu
USC00516128,03,13,70.3,C,0000-03-13,Honolulu
USC00516128,03,14,70.4,C,0000-03-14,Honolulu
USC00516128,03,15,70.4,C,0000-03-15,Honolulu
USC00516128,03,16,70.4,C,0000-03-16,Honolulu
USC00516128,03,17,70.4,C,0000-03-17,Honolulu
USC00516128,03,18,70.4,C,0000-03-18,Honolulu
USC00516128,03,19,70.4,C,0000-03-19,Honolulu
USC00516128,03,20,70.4,C,0000-03-20,Honolulu
USC00516128,03,21,70.4,C,0000-03-21,Honolulu
USC00516128,03,22,70.4,C,0000-03-22,Honolulu
USC00516128,03,23,70.4,C,0000-03-23,Honolulu
USC00516128,03,24,70.5,C,0000-03-24,Honolulu
USC00516128,03,25,70.5,C,0000-03-25,Honolulu
USC00516128,03,26,70.5,C,0000-03-26,Honolulu
USC00516128,03,27,70.5,C,0000-03-27,Honolulu
USC00516128,03,28,70.5,C,0000-03-28,Honolulu
USC00516128,03,29,70.5,C,0000-03-29,Honolulu
USC00516128,03,30,70.5,C,0000-03-30,Honolulu
USC00516128,03,31,70.5,C,0000-03-31,Honolulu
USC00516128,04,1,70.5,C,0000-04-01,Honolulu
USC00516128,04,2,70.5,C,0000-04-02,Honolulu
USC00516128,04,3,70.5,C,0000-04-03,Honolulu
USC00516128,04,4,70.5,C,0000-04-04,Honolulu
USC00516128,04,5,70.5,C,0000-04-05,Honolulu
USC00516128,04,6,70.5,C,0000-04-06,Honolulu
USC00516128,04,7,70.5,C,0000-04-07,Honolulu
USC00516128,04,8,70.5,C,0000-04-08,Honolulu
USC00516128,04,9,70.5,C,0000-04-09,Honolulu
USC00516128,04,10,70.6,C,0000-04-10,Honolulu
USC00516128,04,11,70.6,C,0000-04-11,Honolulu
USC00516128,04,12,70.6,C,0000-04-12,Honolulu
USC00516128,04,13,70.6,C,0000-04-13,Honolulu
USC00516128,04,14,70.6,C,0000-04-14,Honolulu
USC00516128,04,15,70.7,C,0000-04-15,Honolulu
USC00516128,04,16,70.7,C,0000-04-16,Honolulu
USC00516128,04,17,70.7,C,0000-04-17,Honolulu
USC00516128,04,18,70.7,C,0000-04-18,Honolulu
USC00516128,04,19,70.8,C,0000-04-19,Honolulu
USC00516128,04,20,70.8,C,0000-04-20,Honolulu
USC00516128,04,21,70.8,C,0000-04-21,Honolulu
USC00516128,04,22,70.9,C,0000-04-22,Honolulu
USC00516128,04,23,70.9,C,0000-04-23,Honolulu
USC00516128,04,24,71,C,0000-04-24,Honolulu
USC00516128,04,25,71,C,0000-04-25,Honolulu
USC00516128,04,26,71.1,C,0000-04-26,Honolulu
USC00516128,04,27,71.1,C,0000-04-27,Honolulu
USC00516128,04,28,71.2,C,0000-04-28,Honolulu
USC00516128,04,29,71.2,C,0000-04-29,Honolulu
USC00516128,04,30,71.3,C,0000-04-30,Honolulu
USC00516128,05,1,71.4,S,0000-05-01,Honolulu
USC00516128,05,2,71.4,S,0000-05-02,Honolulu
USC00516128,05,3,71.5,S,0000-05-03,Honolulu
USC00516128,05,4,71.6,S,0000-05-04,Honolulu
USC00516128,05,5,71.6,S,0000-05-05,Honolulu
USC00516128,05,6,71.7,S,0000-05-06,Honolulu
USC00516128,05,7,71.8,S,0000-05-07,Honolulu
USC00516128,05,8,71.8,S,0000-05-08,Honolulu
USC00516128,05,9,71.9,S,0000-05-09,Honolulu
USC00516128,05,10,72,S,0000-05-10,Honolulu
USC00516128,05,11,72.1,S,0000-05-11,Honolulu
USC00516128,05,12,72.1,S,0000-05-12,Honolulu
USC00516128,05,13,72.2,S,0000-05-13,Honolulu
USC00516128,05,14,72.3,S,0000-05-14,Honolulu
USC00516128,05,15,72.3,S,0000-05-15,Honolulu
USC00516128,05,16,72.4,S,0000-05-16,Honolulu
USC00516128,05,17,72.5,S,0000-05-17,Honolulu
USC00516128,05,18,72.5,S,0000-05-18,Honolulu
USC00516128,05,19,72.6,S,0000-05-19,Honolulu
USC00516128,05,20,72.6,S,0000-05-20,Honolulu
USC00516128,05,21,72.7,S,0000-05-21,Honolulu
USC00516128,05,22,72.8,S,0000-05-22,Honolulu
USC00516128,05,23,72.8,S,0000-05-23,Honolulu
USC00516128,05,24,72.9,S,0000-05-24,Honolulu
USC00516128,05,25,72.9,S,0000-05-25,Honolulu
USC00516128,05,26,73,S,0000-05-26,Honolulu
USC00516128,05,27,73,S,0000-05-27,Honolulu
USC00516128,05,28,73.1,S,0000-05-28,Honolulu
USC00516128,05,29,73.1,S,0000-05-29,Honolulu
USC00516128,05,30,73.1,S,0000-05-30,Honolulu
USC00516128,05,31,73.2,S,0000-05-31,Honolulu
USC00516128,06,1,73.2,C,0000-06-01,Honolulu
USC00516128,06,2,73.2,C,0000-06-02,Honolulu
USC00516128,06,3,73.3,C,0000-06-03,Honolulu
USC00516128,06,4,73.3,C,0000-06-04,Honolulu
USC00516128,06,5,73.3,C,0000-06-05,Honolulu
USC00516128,06,6,73.4,C,0000-06-06,Honolulu
USC00516128,06,7,73.4,C,0000-06-07,Honolulu
USC00516128,06,8,73.4,C,0000-06-08,Honolulu
USC00516128,06,9,73.4,C,0000-06-09,Honolulu
USC00516128,06,10,73.4,C,0000-06-10,Honolulu
USC00516128,06,11,73.5,C,0000-06-11,Honolulu
USC00516128,06,12,73.5,C,0000-06-12,Honolulu
USC00516128,06,13,73.5,C,0000-06-13,Honolulu
USC00516128,06,14,73.5,C,0000-06-14,Honolulu
USC00516128,06,15,73.5,C,0000-06-15,Honolulu
USC00516128,06,16,73.6,C,0000-06-16,Honolulu
USC00516128,06,17,73.6,C,0000-06-17,Honolulu
USC00516128,06,18,73.6,C,0000-06-18,Honolulu
USC00516128,06,19,73.6,C,0000-06-19,Honolulu
USC00516128,06,20,73.6,C,0000-06-20,Honolulu
USC00516128,06,21,73.7,C,0000-06-21,Honolulu
USC00516128,06,22,73.7,C,0000-06-22,Honolulu
USC00516128,06,23,73.7,C,0000-06-23,Honolulu
USC00516128,06,24,73.7,C,0000-06-24,Honolulu
USC00516128,06,25,73.7,C,0000-06-25,Honolulu
USC00516128,06,26,73.8,C,0000-06-26,Honolulu
USC00516128,06,27,73.8,C,0000-06-27,Honolulu
USC00516128,06,28,73.8,C,0000-06-28,Honolulu
USC00516128,06,29,73.9,C,0000-06-29,Honolulu
USC00516128,06,30,73.9,C,0000-06-30,Honolulu
USC00516128,07,1,73.9,S,0000-07-01,Honolulu
USC00516128,07,2,74,S,0000-07-02,Honolulu
USC00516128,07,3,74,S,0000-07-03,Honolulu
USC00516128,07,4,74.1,S,0000-07-04,Honolulu
USC00516128,07,5,74.1,S,0000-07-05,Honolulu
USC00516128,07,6,74.1,S,0000-07-06,Honolulu
USC00516128,07,7,74.2,S,0000-07-07,Honolulu
USC00516128,07,8,74.2,S,0000-07-08,Honolulu
USC00516128,07,9,74.3,S,0000-07-09,Honolulu
USC00516128,07,10,74.3,S,0000-07-10,Honolulu
USC00516128,07,11,74.4,S,0000-07-11,Honolulu
USC00516128,07,12,74.4,S,0000-07-12,Honolulu
USC00516128,07,13,74.5,S,0000-07-13,Honolulu
USC00516128,07,14,74.5,S,0000-07-14,Honolulu
USC00516128,07,15,74.6,S,0000-07-15,Honolulu
USC00516128,07,16,74.6,S,0000-07-16,Honolulu
USC00516128,07,17,74.7,S,0000-07-17,Honolulu
USC00516128,07,18,74.7,S,0000-07-18,Honolulu
USC00516128,07,19,74.8,S,0000-07-19,Honolulu
USC00516128,07,20,74.8,S,0000-07-20,Honolulu
USC00516128,07,21,74.8,S,0000-07-21,Honolulu
USC00516128,07,22,74.9,S,0000-07-22,Honolulu
USC00516128,07,23,74.9,S,0000-07-23,Honolulu
USC00516128,07,24,75,S,0000-07-24,Honolulu
USC00516128,07,25,75,S,0000-07-25,Honolulu
USC00516128,07,26,75.1,S,0000-07-26,Honolulu
USC00516128,07,27,75.1,S,0000-07-27,Honolulu
USC00516128,07,28,75.1,S,0000-07-28,Honolulu
USC00516128,07,29,75.2,S,0000-07-29,Honolulu
USC00516128,07,30,75.2,S,0000-07-30,Honolulu
USC00516128,07,31,75.2,S,0000-07-31,Honolulu
USC00516128,08,1,75.3,S,0000-08-01,Honolulu
USC00516128,08,2,75.3,S,0000-08-02,Honolulu
USC00516128,08,3,75.3,S,0000-08-03,Honolulu
USC00516128,08,4,75.4,S,0000-08-04,Honolulu
USC00516128,08,5,75.4,S,0000-08-05,Honolulu
USC00516128,08,6,75.4,S,0000-08-06,Honolulu
USC00516128,08,7,75.4,S,0000-08-07,Honolulu
USC00516128,08,8,75.4,S,0000-08-08,Honolulu
USC00516128,08,9,75.5,S,0000-08-09,Honolulu
USC00516128,08,10,75.5,S,0000-08-10,Honolulu
USC00516128,08,11,75.5,S,0000-08-11,Honolulu
USC00516128,08,12,75.5,S,0000-08-12,Honolulu
USC00516128,08,13,75.5,S,0000-08-13,Honolulu
USC00516128,08,14,75.5,S,0000-08-14,Honolulu
USC00516128,08,15,75.6,S,0000-08-15,Honolulu
USC00516128,08,16,75.6,S,0000-08-16,Honolulu
USC00516128,08,17,75.6,S,0000-08-17,Honolulu
USC00516128,08,18,75.6,S,0000-08-18,Honolulu
USC00516128,08,19,75.6,S,0000-08-19,Honolulu
USC00516128,08,20,75.6,S,0000-08-20,Honolulu
USC00516128,08,21,75.6,S,0000-08-21,Honolulu
USC00516128,08,22,75.6,S,0000-08-22,Honolulu
USC00516128,08,23,75.7,S,0000-08-23,Honolulu
USC00516128,08,24,75.7,S,0000-08-24,Honolulu
USC00516128,08,25,75.7,S,0000-08-25,Honolulu
USC00516128,08,26,75.7,S,0000-08-26,Honolulu
USC00516128,08,27,75.7,S,0000-08-27,Honolulu
USC00516128,08,28,75.7,S,0000-08-28,Honolulu
USC00516128,08,29,75.7,S,0000-08-29,Honolulu
USC00516128,08,30,75.7,S,0000-08-30,Honolulu
USC00516128,08,31,75.8,S,0000-08-31,Honolulu
USC00516128,09,1,75.8,C,0000-09-01,Honolulu
USC00516128,09,2,75.8,C,0000-09-02,Honolulu
USC00516128,09,3,75.8,C,0000-09-03,Honolulu
USC00516128,09,4,75.8,C,0000-09-04,Honolulu
USC00516128,09,5,75.8,C,0000-09-05,Honolulu
USC00516128,09,6,75.8,C,0000-09-06,Honolulu
USC00516128,09,7,75.8,C,0000-09-07,Honolulu
USC00516128,09,8,75.9,C,0000-09-08,Honolulu
USC00516128,09,9,75.9,C,0000-09-09,Honolulu
USC00516128,09,10,75.9,C,0000-09-10,Honolulu
USC00516128,09,11,75.9,C,0000-09-11,Honolulu
USC00516128,09,12,75.9,C,0000-09-12,Honolulu
USC00516128,09,13,75.9,C,0000-09-13,Honolulu
USC00516128,09,14,75.9,C,0000-09-14,Honolulu
USC00516128,09,15,75.9,C,0000-09-15,Honolulu
USC00516128,09,16,76,C,0000-09-16,Honolulu
USC00516128,09,17,76,C,0000-09-17,Honolulu
USC00516128,09,18,76,C,0000-09-18,Honolulu
USC00516128,09,19,76,C,0000-09-19,Honolulu
USC00516128,09,20,76,C,0000-09-20,Honolulu
USC00516128,09,21,76,C,0000-09-21,Honolulu
USC00516128,09,22,76,C,0000-09-22,Honolulu
USC00516128,09,23,76,C,0000-09-23,Honolulu
USC00516128,09,24,76,C,0000-09-24,Honolulu
USC00516128,09,25,75.9,C,0000-09-25,Honolulu
USC00516128,09,26,75.9,C,0000-09-26,Honolulu
USC00516128,09,27,75.9,C,0000-09-27,Honolulu
USC00516128,09,28,75.9,C,0000-09-28,Honolulu
USC00516128,09,29,75.9,C,0000-09-29,Honolulu
USC00516128,09,30,75.9,C,0000-09-30,Honolulu
USC00516128,10,1,75.8,C,0000-10-01,Honolulu
USC00516128,10,2,75.8,C,0000-10-02,Honolulu
USC00516128,10,3,75.8,C,0000-10-03,Honolulu
USC00516128,10,4,75.8,C,0000-10-04,Honolulu
USC00516128,10,5,75.7,C,0000-10-05,Honolulu
USC00516128,10,6,75.7,C,0000-10-06,Honolulu
USC00516128,10,7,75.6,C,0000-10-07,Honolulu
USC00516128,10,8,75.6,C,0000-10-08,Honolulu
USC00516128,10,9,75.6,C,0000-10-09,Honolulu
USC00516128,10,10,75.5,C,0000-10-10,Honolulu
USC00516128,10,11,75.5,C,0000-10-11,Honolulu
USC00516128,10,12,75.4,C,0000-10-12,Honolulu
USC00516128,10,13,75.4,C,0000-10-13,Honolulu
USC00516128,10,14,75.3,C,0000-10-14,Honolulu
USC00516128,10,15,75.3,C,0000-10-15,Honolulu
USC00516128,10,16,75.2,C,0000-10-16,Honolulu
USC00516128,10,17,75.1,C,0000-10-17,Honolulu
USC00516128,10,18,75.1,C,0000-10-18,Honolulu
USC00516128,10,19,75,C,0000-10-19,Honolulu
USC00516128,10,20,75,C,0000-10-20,Honolulu
USC00516128,10,21,74.9,C,0000-10-21,Honolulu
USC00516128,10,22,74.8,C,0000-10-22,Honolulu
USC00516128,10,23,74.8,C,0000-10-23,Honolulu
USC00516128,10,24,74.7,C,0000-10-24,Honolulu
USC00516128,10,25,74.6,C,0000-10-25,Honolulu
USC00516128,10,26,74.6,C,0000-10-26,Honolulu
USC00516128,10,27,74.5,C,0000-10-27,Honolulu
USC00516128,10,28,74.5,C,0000-10-28,Honolulu
USC00516128,10,29,74.4,C,0000-10-29,Honolulu
USC00516128,10,30,74.3,C,0000-10-30,Honolulu
USC00516128,10,31,74.3,C,0000-10-31,Honolulu
USC00516128,11,1,74.2,C,0000-11-01,Honolulu
USC00516128,11,2,74.1,C,0000-11-02,Honolulu
USC00516128,11,3,74.1,C,0000-11-03,Honolulu
USC00516128,11,4,74,C,0000-11-04,Honolulu
USC00516128,11,5,73.9,C,0000-11-05,Honolulu
USC00516128,11,6,73.9,C,0000-11-06,Honolulu
USC00516128,11,7,73.8,C,0000-11-07,Honolulu
USC00516128,11,8,73.7,C,0000-11-08,Honolulu
USC00516128,11,9,73.7,C,0000-11-09,Honolulu
USC00516128,11,10,73.6,C,0000-11-10,Honolulu
USC00516128,11,11,73.5,C,0000-11-11,Honolulu
USC00516128,11,12,73.5,C,0000-11-12,Honolulu
USC00516128,11,13,73.4,C,0000-11-13,Honolulu
USC00516128,11,14,73.3,C,0000-11-14,Honolulu
USC00516128,11,15,73.3,C,0000-11-15,Honolulu
USC00516128,11,16,73.2,C,0000-11-16,Honolulu
USC00516128,11,17,73.2,C,0000-11-17,Honolulu
USC00516128,11,18,73.1,C,0000-11-18,Honolulu
USC00516128,11,19,73,C,0000-11-19,Honolulu
USC00516128,11,20,73,C,0000-11-20,Honolulu
USC00516128,11,21,72.9,C,0000-11-21,Honolulu
USC00516128,11,22,72.8,C,0000-11-22,Honolulu
USC00516128,11,23,72.8,C,0000-11-23,Honolulu
USC00516128,11,24,72.7,C,0000-11-24,Honolulu
USC00516128,11,25,72.6,C,0000-11-25,Honolulu
USC00516128,11,26,72.6,C,0000-11-26,Honolulu
USC00516128,11,27,72.5,C,0000-11-27,Honolulu
USC00516128,11,28,72.5,C,0000-11-28,Honolulu
USC00516128,11,29,72.4,C,0000-11-29,Honolulu
USC00516128,11,30,72.3,C,0000-11-30,Honolulu
USC00516128,12,1,72.3,C,0000-12-01,Honolulu
USC00516128,12,2,72.2,C,0000-12-02,Honolulu
USC00516128,12,3,72.1,C,0000-12-03,Honolulu
USC00516128,12,4,72.1,C,0000-12-04,Honolulu
USC00516128,12,5,72,C,0000-12-05,Honolulu
USC00516128,12,6,71.9,C,0000-12-06,Honolulu
USC00516128,12,7,71.9,C,0000-12-07,Honolulu
USC00516128,12,8,71.8,C,0000-12-08,Honolulu
USC00516128,12,9,71.7,C,0000-12-09,Honolulu
USC00516128,12,10,71.7,C,0000-12-10,Honolulu
USC00516128,12,11,71.6,C,0000-12-11,Honolulu
USC00516128,12,12,71.5,C,0000-12-12,Honolulu
USC00516128,12,13,71.5,C,0000-12-13,Honolulu
USC00516128,12,14,71.4,C,0000-12-14,Honolulu
USC00516128,12,15,71.3,C,0000-12-15,Honolulu
USC00516128,12,16,71.3,C,0000-12-16,Honolulu
USC00516128,12,17,71.2,C,0000-12-17,Honolulu
USC00516128,12,18,71.1,C,0000-12-18,Honolulu
USC00516128,12,19,71.1,C,0000-12-19,Honolulu
USC00516128,12,20,71,C,0000-12-20,Honolulu
USC00516128,12,21,71,C,0000-12-21,Honolulu
USC00516128,12,22,70.9,C,0000-12-22,Honolulu
USC00516128,12,23,70.9,C,0000-12-23,Honolulu
USC00516128,12,24,70.8,C,0000-12-24,Honolulu
USC00516128,12,25,70.7,C,0000-12-25,Honolulu
USC00516128,12,26,70.7,C,0000-12-26,Honolulu
USC00516128,12,27,70.6,C,0000-12-27,Honolulu
USC00516128,12,28,70.6,C,0000-12-28,Honolulu
USC00516128,12,29,70.5,C,0000-12-29,Honolulu
USC00516128,12,30,70.5,C,0000-12-30,Honolulu
USC00516128,12,31,70.4,C,0000-12-31,Honolulu
USW00014819,01,1,25.6,C,0000-01-01,Chicago
USW00014819,01,2,25.5,C,0000-01-02,Chicago
USW00014819,01,3,25.3,C,0000-01-03,Chicago
USW00014819,01,4,25.2,C,0000-01-04,Chicago
USW00014819,01,5,25.1,C,0000-01-05,Chicago
USW00014819,01,6,25.1,C,0000-01-06,Chicago
USW00014819,01,7,25,C,0000-01-07,Chicago
USW00014819,01,8,24.9,C,0000-01-08,Chicago
USW00014819,01,9,24.8,C,0000-01-09,Chicago
USW00014819,01,10,24.8,C,0000-01-10,Chicago
USW00014819,01,11,24.7,C,0000-01-11,Chicago
USW00014819,01,12,24.7,C,0000-01-12,Chicago
USW00014819,01,13,24.6,C,0000-01-13,Chicago
USW00014819,01,14,24.6,C,0000-01-14,Chicago
USW00014819,01,15,24.5,C,0000-01-15,Chicago
USW00014819,01,16,24.5,C,0000-01-16,Chicago
USW00014819,01,17,24.5,C,0000-01-17,Chicago
USW00014819,01,18,24.5,C,0000-01-18,Chicago
USW00014819,01,19,24.5,C,0000-01-19,Chicago
USW00014819,01,20,24.5,C,0000-01-20,Chicago
USW00014819,01,21,24.5,C,0000-01-21,Chicago
USW00014819,01,22,24.6,C,0000-01-22,Chicago
USW00014819,01,23,24.6,C,0000-01-23,Chicago
USW00014819,01,24,24.7,C,0000-01-24,Chicago
USW00014819,01,25,24.7,C,0000-01-25,Chicago
USW00014819,01,26,24.8,C,0000-01-26,Chicago
USW00014819,01,27,24.9,C,0000-01-27,Chicago
USW00014819,01,28,25,C,0000-01-28,Chicago
USW00014819,01,29,25.1,C,0000-01-29,Chicago
USW00014819,01,30,25.2,C,0000-01-30,Chicago
USW00014819,01,31,25.3,C,0000-01-31,Chicago
USW00014819,02,1,25.5,C,0000-02-01,Chicago
USW00014819,02,2,25.6,C,0000-02-02,Chicago
USW00014819,02,3,25.8,C,0000-02-03,Chicago
USW00014819,02,4,26,C,0000-02-04,Chicago
USW00014819,02,5,26.1,C,0000-02-05,Chicago
USW00014819,02,6,26.3,C,0000-02-06,Chicago
USW00014819,02,7,26.6,C,0000-02-07,Chicago
USW00014819,02,8,26.8,C,0000-02-08,Chicago
USW00014819,02,9,27,C,0000-02-09,Chicago
USW00014819,02,10,27.3,C,0000-02-10,Chicago
USW00014819,02,11,27.5,C,0000-02-11,Chicago
USW00014819,02,12,27.8,C,0000-02-12,Chicago
USW00014819,02,13,28.1,C,0000-02-13,Chicago
USW00014819,02,14,28.3,C,0000-02-14,Chicago
USW00014819,02,15,28.6,C,0000-02-15,Chicago
USW00014819,02,16,28.9,C,0000-02-16,Chicago
USW00014819,02,17,29.2,C,0000-02-17,Chicago
USW00014819,02,18,29.6,C,0000-02-18,Chicago
USW00014819,02,19,29.9,C,0000-02-19,Chicago
USW00014819,02,20,30.2,C,0000-02-20,Chicago
USW00014819,02,21,30.5,C,0000-02-21,Chicago
USW00014819,02,22,30.9,C,0000-02-22,Chicago
USW00014819,02,23,31.2,C,0000-02-23,Chicago
USW00014819,02,24,31.6,C,0000-02-24,Chicago
USW00014819,02,25,31.9,C,0000-02-25,Chicago
USW00014819,02,26,32.3,C,0000-02-26,Chicago
USW00014819,02,27,32.6,C,0000-02-27,Chicago
USW00014819,02,28,33,C,0000-02-28,Chicago
USW00014819,02,29,33.2,C,0000-02-29,Chicago
USW00014819,03,1,33.3,C,0000-03-01,Chicago
USW00014819,03,2,33.7,C,0000-03-02,Chicago
USW00014819,03,3,34.1,C,0000-03-03,Chicago
USW00014819,03,4,34.4,C,0000-03-04,Chicago
USW00014819,03,5,34.8,C,0000-03-05,Chicago
USW00014819,03,6,35.2,C,0000-03-06,Chicago
USW00014819,03,7,35.5,C,0000-03-07,Chicago
USW00014819,03,8,35.9,C,0000-03-08,Chicago
USW00014819,03,9,36.3,C,0000-03-09,Chicago
USW00014819,03,10,36.6,C,0000-03-10,Chicago
USW00014819,03,11,37,C,0000-03-11,Chicago
USW00014819,03,12,37.4,C,0000-03-12,Chicago
USW00014819,03,13,37.7,C,0000-03-13,Chicago
USW00014819,03,14,38.1,C,0000-03-14,Chicago
USW00014819,03,15,38.5,C,0000-03-15,Chicago
USW00014819,03,16,38.8,C,0000-03-16,Chicago
USW00014819,03,17,39.2,C,0000-03-17,Chicago
USW00014819,03,18,39.6,C,0000-03-18,Chicago
USW00014819,03,19,39.9,C,0000-03-19,Chicago
USW00014819,03,20,40.3,C,0000-03-20,Chicago
USW00014819,03,21,40.7,C,0000-03-21,Chicago
USW00014819,03,22,41,C,0000-03-22,Chicago
USW00014819,03,23,41.4,C,0000-03-23,Chicago
USW00014819,03,24,41.8,C,0000-03-24,Chicago
USW00014819,03,25,42.2,C,0000-03-25,Chicago
USW00014819,03,26,42.5,C,0000-03-26,Chicago
USW00014819,03,27,42.9,C,0000-03-27,Chicago
USW00014819,03,28,43.3,C,0000-03-28,Chicago
USW00014819,03,29,43.7,C,0000-03-29,Chicago
USW00014819,03,30,44.1,C,0000-03-30,Chicago
USW00014819,03,31,44.4,C,0000-03-31,Chicago
USW00014819,04,1,44.8,C,0000-04-01,Chicago
USW00014819,04,2,45.2,C,0000-04-02,Chicago
USW00014819,04,3,45.6,C,0000-04-03,Chicago
USW00014819,04,4,46,C,0000-04-04,Chicago
USW00014819,04,5,46.4,C,0000-04-05,Chicago
USW00014819,04,6,46.8,C,0000-04-06,Chicago
USW00014819,04,7,47.2,C,0000-04-07,Chicago
USW00014819,04,8,47.6,C,0000-04-08,Chicago
USW00014819,04,9,48,C,0000-04-09,Chicago
USW00014819,04,10,48.4,C,0000-04-10,Chicago
USW00014819,04,11,48.7,C,0000-04-11,Chicago
USW00014819,04,12,49.1,C,0000-04-12,Chicago
USW00014819,04,13,49.5,C,0000-04-13,Chicago
USW00014819,04,14,49.9,C,0000-04-14,Chicago
USW00014819,04,15,50.3,C,0000-04-15,Chicago
USW00014819,04,16,50.7,C,0000-04-16,Chicago
USW00014819,04,17,51.1,C,0000-04-17,Chicago
USW00014819,04,18,51.5,C,0000-04-18,Chicago
USW00014819,04,19,51.9,C,0000-04-19,Chicago
USW00014819,04,20,52.2,C,0000-04-20,Chicago
USW00014819,04,21,52.6,C,0000-04-21,Chicago
USW00014819,04,22,53,C,0000-04-22,Chicago
USW00014819,04,23,53.4,C,0000-04-23,Chicago
USW00014819,04,24,53.7,C,0000-04-24,Chicago
USW00014819,04,25,54.1,C,0000-04-25,Chicago
USW00014819,04,26,54.5,C,0000-04-26,Chicago
USW00014819,04,27,54.8,C,0000-04-27,Chicago
USW00014819,04,28,55.2,C,0000-04-28,Chicago
USW00014819,04,29,55.5,C,0000-04-29,Chicago
USW00014819,04,30,55.8,C,0000-04-30,Chicago
USW00014819,05,1,56.2,C,0000-05-01,Chicago
USW00014819,05,2,56.5,C,0000-05-02,Chicago
USW00014819,05,3,56.8,C,0000-05-03,Chicago
USW00014819,05,4,57.2,C,0000-05-04,Chicago
USW00014819,05,5,57.5,C,0000-05-05,Chicago
USW00014819,05,6,57.8,C,0000-05-06,Chicago
USW00014819,05,7,58.1,C,0000-05-07,Chicago
USW00014819,05,8,58.4,C,0000-05-08,Chicago
USW00014819,05,9,58.7,C,0000-05-09,Chicago
USW00014819,05,10,59,C,0000-05-10,Chicago
USW00014819,05,11,59.3,C,0000-05-11,Chicago
USW00014819,05,12,59.6,C,0000-05-12,Chicago
USW00014819,05,13,60,C,0000-05-13,Chicago
USW00014819,05,14,60.3,C,0000-05-14,Chicago
USW00014819,05,15,60.6,C,0000-05-15,Chicago
USW00014819,05,16,60.9,C,0000-05-16,Chicago
USW00014819,05,17,61.2,C,0000-05-17,Chicago
USW00014819,05,18,61.5,C,0000-05-18,Chicago
USW00014819,05,19,61.8,C,0000-05-19,Chicago
USW00014819,05,20,62.1,C,0000-05-20,Chicago
USW00014819,05,21,62.4,C,0000-05-21,Chicago
USW00014819,05,22,62.7,C,0000-05-22,Chicago
USW00014819,05,23,63,C,0000-05-23,Chicago
USW00014819,05,24,63.4,C,0000-05-24,Chicago
USW00014819,05,25,63.7,C,0000-05-25,Chicago
USW00014819,05,26,64,C,0000-05-26,Chicago
USW00014819,05,27,64.4,C,0000-05-27,Chicago
USW00014819,05,28,64.7,C,0000-05-28,Chicago
USW00014819,05,29,65,C,0000-05-29,Chicago
USW00014819,05,30,65.4,C,0000-05-30,Chicago
USW00014819,05,31,65.7,C,0000-05-31,Chicago
USW00014819,06,1,66.1,C,0000-06-01,Chicago
USW00014819,06,2,66.4,C,0000-06-02,Chicago
USW00014819,06,3,66.8,C,0000-06-03,Chicago
USW00014819,06,4,67.2,C,0000-06-04,Chicago
USW00014819,06,5,67.5,C,0000-06-05,Chicago
USW00014819,06,6,67.9,C,0000-06-06,Chicago
USW00014819,06,7,68.2,C,0000-06-07,Chicago
USW00014819,06,8,68.6,C,0000-06-08,Chicago
USW00014819,06,9,69,C,0000-06-09,Chicago
USW00014819,06,10,69.3,C,0000-06-10,Chicago
USW00014819,06,11,69.7,C,0000-06-11,Chicago
USW00014819,06,12,70,C,0000-06-12,Chicago
USW00014819,06,13,70.4,C,0000-06-13,Chicago
USW00014819,06,14,70.7,C,0000-06-14,Chicago
USW00014819,06,15,71.1,C,0000-06-15,Chicago
USW00014819,06,16,71.4,C,0000-06-16,Chicago
USW00014819,06,17,71.7,C,0000-06-17,Chicago
USW00014819,06,18,72.1,C,0000-06-18,Chicago
USW00014819,06,19,72.4,C,0000-06-19,Chicago
USW00014819,06,20,72.7,C,0000-06-20,Chicago
USW00014819,06,21,73,C,0000-06-21,Chicago
USW00014819,06,22,73.2,C,0000-06-22,Chicago
USW00014819,06,23,73.5,C,0000-06-23,Chicago
USW00014819,06,24,73.8,C,0000-06-24,Chicago
USW00014819,06,25,74,C,0000-06-25,Chicago
USW00014819,06,26,74.3,C,0000-06-26,Chicago
USW00014819,06,27,74.5,C,0000-06-27,Chicago
USW00014819,06,28,74.7,C,0000-06-28,Chicago
USW00014819,06,29,74.9,C,0000-06-29,Chicago
USW00014819,06,30,75.1,C,0000-06-30,Chicago
USW00014819,07,1,75.2,C,0000-07-01,Chicago
USW00014819,07,2,75.4,C,0000-07-02,Chicago
USW00014819,07,3,75.5,C,0000-07-03,Chicago
USW00014819,07,4,75.6,C,0000-07-04,Chicago
USW00014819,07,5,75.7,C,0000-07-05,Chicago
USW00014819,07,6,75.8,C,0000-07-06,Chicago
USW00014819,07,7,75.9,C,0000-07-07,Chicago
USW00014819,07,8,76,C,0000-07-08,Chicago
USW00014819,07,9,76,C,0000-07-09,Chicago
USW00014819,07,10,76.1,C,0000-07-10,Chicago
USW00014819,07,11,76.1,C,0000-07-11,Chicago
USW00014819,07,12,76.1,C,0000-07-12,Chicago
USW00014819,07,13,76.2,C,0000-07-13,Chicago
USW00014819,07,14,76.2,C,0000-07-14,Chicago
USW00014819,07,15,76.2,C,0000-07-15,Chicago
USW00014819,07,16,76.1,C,0000-07-16,Chicago
USW00014819,07,17,76.1,C,0000-07-17,Chicago
USW00014819,07,18,76.1,C,0000-07-18,Chicago
USW00014819,07,19,76.1,C,0000-07-19,Chicago
USW00014819,07,20,76,C,0000-07-20,Chicago
USW00014819,07,21,76,C,0000-07-21,Chicago
USW00014819,07,22,75.9,C,0000-07-22,Chicago
USW00014819,07,23,75.9,C,0000-07-23,Chicago
USW00014819,07,24,75.8,C,0000-07-24,Chicago
USW00014819,07,25,75.8,C,0000-07-25,Chicago
USW00014819,07,26,75.7,C,0000-07-26,Chicago
USW00014819,07,27,75.7,C,0000-07-27,Chicago
USW00014819,07,28,75.6,C,0000-07-28,Chicago
USW00014819,07,29,75.5,C,0000-07-29,Chicago
USW00014819,07,30,75.5,C,0000-07-30,Chicago
USW00014819,07,31,75.4,C,0000-07-31,Chicago
USW00014819,08,1,75.4,C,0000-08-01,Chicago
USW00014819,08,2,75.3,C,0000-08-02,Chicago
USW00014819,08,3,75.2,C,0000-08-03,Chicago
USW00014819,08,4,75.2,C,0000-08-04,Chicago
USW00014819,08,5,75.1,C,0000-08-05,Chicago
USW00014819,08,6,75.1,C,0000-08-06,Chicago
USW00014819,08,7,75,C,0000-08-07,Chicago
USW00014819,08,8,75,C,0000-08-08,Chicago
USW00014819,08,9,74.9,C,0000-08-09,Chicago
USW00014819,08,10,74.8,C,0000-08-10,Chicago
USW00014819,08,11,74.8,C,0000-08-11,Chicago
USW00014819,08,12,74.7,C,0000-08-12,Chicago
USW00014819,08,13,74.6,C,0000-08-13,Chicago
USW00014819,08,14,74.6,C,0000-08-14,Chicago
USW00014819,08,15,74.5,C,0000-08-15,Chicago
USW00014819,08,16,74.4,C,0000-08-16,Chicago
USW00014819,08,17,74.3,C,0000-08-17,Chicago
USW00014819,08,18,74.2,C,0000-08-18,Chicago
USW00014819,08,19,74.1,C,0000-08-19,Chicago
USW00014819,08,20,74,C,0000-08-20,Chicago
USW00014819,08,21,73.9,C,0000-08-21,Chicago
USW00014819,08,22,73.7,C,0000-08-22,Chicago
USW00014819,08,23,73.6,C,0000-08-23,Chicago
USW00014819,08,24,73.4,C,0000-08-24,Chicago
USW00014819,08,25,73.3,C,0000-08-25,Chicago
USW00014819,08,26,73.1,C,0000-08-26,Chicago
USW00014819,08,27,72.9,C,0000-08-27,Chicago
USW00014819,08,28,72.7,C,0000-08-28,Chicago
USW00014819,08,29,72.5,C,0000-08-29,Chicago
USW00014819,08,30,72.3,C,0000-08-30,Chicago
USW00014819,08,31,72,C,0000-08-31,Chicago
USW00014819,09,1,71.8,C,0000-09-01,Chicago
USW00014819,09,2,71.5,C,0000-09-02,Chicago
USW00014819,09,3,71.2,C,0000-09-03,Chicago
USW00014819,09,4,70.9,C,0000-09-04,Chicago
USW00014819,09,5,70.6,C,0000-09-05,Chicago
USW00014819,09,6,70.3,C,0000-09-06,Chicago
USW00014819,09,7,69.9,C,0000-09-07,Chicago
USW00014819,09,8,69.6,C,0000-09-08,Chicago
USW00014819,09,9,69.2,C,0000-09-09,Chicago
USW00014819,09,10,68.8,C,0000-09-10,Chicago
USW00014819,09,11,68.5,C,0000-09-11,Chicago
USW00014819,09,12,68.1,C,0000-09-12,Chicago
USW00014819,09,13,67.7,C,0000-09-13,Chicago
USW00014819,09,14,67.2,C,0000-09-14,Chicago
USW00014819,09,15,66.8,C,0000-09-15,Chicago
USW00014819,09,16,66.4,C,0000-09-16,Chicago
USW00014819,09,17,66,C,0000-09-17,Chicago
USW00014819,09,18,65.5,C,0000-09-18,Chicago
USW00014819,09,19,65.1,C,0000-09-19,Chicago
USW00014819,09,20,64.7,C,0000-09-20,Chicago
USW00014819,09,21,64.2,C,0000-09-21,Chicago
USW00014819,09,22,63.8,C,0000-09-22,Chicago
USW00014819,09,23,63.3,C,0000-09-23,Chicago
USW00014819,09,24,62.9,C,0000-09-24,Chicago
USW00014819,09,25,62.4,C,0000-09-25,Chicago
USW00014819,09,26,62,C,0000-09-26,Chicago
USW00014819,09,27,61.6,C,0000-09-27,Chicago
USW00014819,09,28,61.1,C,0000-09-28,Chicago
USW00014819,09,29,60.7,C,0000-09-29,Chicago
USW00014819,09,30,60.3,C,0000-09-30,Chicago
USW00014819,10,1,59.9,C,0000-10-01,Chicago
USW00014819,10,2,59.4,C,0000-10-02,Chicago
USW00014819,10,3,59,C,0000-10-03,Chicago
USW00014819,10,4,58.6,C,0000-10-04,Chicago
USW00014819,10,5,58.2,C,0000-10-05,Chicago
USW00014819,10,6,57.8,C,0000-10-06,Chicago
USW00014819,10,7,57.5,C,0000-10-07,Chicago
USW00014819,10,8,57.1,C,0000-10-08,Chicago
USW00014819,10,9,56.7,C,0000-10-09,Chicago
USW00014819,10,10,56.3,C,0000-10-10,Chicago
USW00014819,10,11,56,C,0000-10-11,Chicago
USW00014819,10,12,55.6,C,0000-10-12,Chicago
USW00014819,10,13,55.3,C,0000-10-13,Chicago
USW00014819,10,14,54.9,C,0000-10-14,Chicago
USW00014819,10,15,54.5,C,0000-10-15,Chicago
USW00014819,10,16,54.2,C,0000-10-16,Chicago
USW00014819,10,17,53.9,C,0000-10-17,Chicago
USW00014819,10,18,53.5,C,0000-10-18,Chicago
USW00014819,10,19,53.2,C,0000-10-19,Chicago
USW00014819,10,20,52.8,C,0000-10-20,Chicago
USW00014819,10,21,52.5,C,0000-10-21,Chicago
USW00014819,10,22,52.1,C,0000-10-22,Chicago
USW00014819,10,23,51.8,C,0000-10-23,Chicago
USW00014819,10,24,51.4,C,0000-10-24,Chicago
USW00014819,10,25,51.1,C,0000-10-25,Chicago
USW00014819,10,26,50.7,C,0000-10-26,Chicago
USW00014819,10,27,50.3,C,0000-10-27,Chicago
USW00014819,10,28,49.9,C,0000-10-28,Chicago
USW00014819,10,29,49.6,C,0000-10-29,Chicago
USW00014819,10,30,49.2,C,0000-10-30,Chicago
USW00014819,10,31,48.8,C,0000-10-31,Chicago
USW00014819,11,1,48.4,C,0000-11-01,Chicago
USW00014819,11,2,48,C,0000-11-02,Chicago
USW00014819,11,3,47.5,C,0000-11-03,Chicago
USW00014819,11,4,47.1,C,0000-11-04,Chicago
USW00014819,11,5,46.7,C,0000-11-05,Chicago
USW00014819,11,6,46.2,C,0000-11-06,Chicago
USW00014819,11,7,45.8,C,0000-11-07,Chicago
USW00014819,11,8,45.3,C,0000-11-08,Chicago
USW00014819,11,9,44.8,C,0000-11-09,Chicago
USW00014819,11,10,44.4,C,0000-11-10,Chicago
USW00014819,11,11,43.9,C,0000-11-11,Chicago
USW00014819,11,12,43.4,C,0000-11-12,Chicago
USW00014819,11,13,42.9,C,0000-11-13,Chicago
USW00014819,11,14,42.4,C,0000-11-14,Chicago
USW00014819,11,15,41.9,C,0000-11-15,Chicago
USW00014819,11,16,41.4,C,0000-11-16,Chicago
USW00014819,11,17,40.9,C,0000-11-17,Chicago
USW00014819,11,18,40.4,C,0000-11-18,Chicago
USW00014819,11,19,39.9,C,0000-11-19,Chicago
USW00014819,11,20,39.4,C,0000-11-20,Chicago
USW00014819,11,21,38.8,C,0000-11-21,Chicago
USW00014819,11,22,38.3,C,0000-11-22,Chicago
USW00014819,11,23,37.8,C,0000-11-23,Chicago
USW00014819,11,24,37.3,C,0000-11-24,Chicago
USW00014819,11,25,36.8,C,0000-11-25,Chicago
USW00014819,11,26,36.3,C,0000-11-26,Chicago
USW00014819,11,27,35.8,C,0000-11-27,Chicago
USW00014819,11,28,35.4,C,0000-11-28,Chicago
USW00014819,11,29,34.9,C,0000-11-29,Chicago
USW00014819,11,30,34.4,C,0000-11-30,Chicago
USW00014819,12,1,34,C,0000-12-01,Chicago
USW00014819,12,2,33.5,C,0000-12-02,Chicago
USW00014819,12,3,33.1,C,0000-12-03,Chicago
USW00014819,12,4,32.7,C,0000-12-04,Chicago
USW00014819,12,5,32.2,C,0000-12-05,Chicago
USW00014819,12,6,31.8,C,0000-12-06,Chicago
USW00014819,12,7,31.5,C,0000-12-07,Chicago
USW00014819,12,8,31.1,C,0000-12-08,Chicago
USW00014819,12,9,30.7,C,0000-12-09,Chicago
USW00014819,12,10,30.4,C,0000-12-10,Chicago
USW00014819,12,11,30,C,0000-12-11,Chicago
USW00014819,12,12,29.7,C,0000-12-12,Chicago
USW00014819,12,13,29.4,C,0000-12-13,Chicago
USW00014819,12,14,29.1,C,0000-12-14,Chicago
USW00014819,12,15,28.8,C,0000-12-15,Chicago
USW00014819,12,16,28.5,C,0000-12-16,Chicago
USW00014819,12,17,28.3,C,0000-12-17,Chicago
USW00014819,12,18,28,C,0000-12-18,Chicago
USW00014819,12,19,27.8,C,0000-12-19,Chicago
USW00014819,12,20,27.6,C,0000-12-20,Chicago
USW00014819,12,21,27.3,C,0000-12-21,Chicago
USW00014819,12,22,27.1,C,0000-12-22,Chicago
USW00014819,12,23,26.9,C,0000-12-23,Chicago
USW00014819,12,24,26.7,C,0000-12-24,Chicago
USW00014819,12,25,26.6,C,0000-12-25,Chicago
USW00014819,12,26,26.4,C,0000-12-26,Chicago
USW00014819,12,27,26.2,C,0000-12-27,Chicago
USW00014819,12,28,26.1,C,0000-12-28,Chicago
USW00014819,12,29,26,C,0000-12-29,Chicago
USW00014819,12,30,25.8,C,0000-12-30,Chicago
USW00014819,12,31,25.7,C,0000-12-31,Chicago
USW00027502,01,1,-11.3,C,0000-01-01,Barrow
USW00027502,01,2,-11.5,C,0000-01-02,Barrow
USW00027502,01,3,-11.8,C,0000-01-03,Barrow
USW00027502,01,4,-12,C,0000-01-04,Barrow
USW00027502,01,5,-12.1,C,0000-01-05,Barrow
USW00027502,01,6,-12.3,C,0000-01-06,Barrow
USW00027502,01,7,-12.5,C,0000-01-07,Barrow
USW00027502,01,8,-12.7,C,0000-01-08,Barrow
USW00027502,01,9,-12.9,C,0000-01-09,Barrow
USW00027502,01,10,-13,C,0000-01-10,Barrow
USW00027502,01,11,-13.2,C,0000-01-11,Barrow
USW00027502,01,12,-13.3,C,0000-01-12,Barrow
USW00027502,01,13,-13.4,C,0000-01-13,Barrow
USW00027502,01,14,-13.6,C,0000-01-14,Barrow
USW00027502,01,15,-13.7,C,0000-01-15,Barrow
USW00027502,01,16,-13.8,C,0000-01-16,Barrow
USW00027502,01,17,-13.9,C,0000-01-17,Barrow
USW00027502,01,18,-13.9,C,0000-01-18,Barrow
USW00027502,01,19,-14,C,0000-01-19,Barrow
USW00027502,01,20,-14.1,C,0000-01-20,Barrow
USW00027502,01,21,-14.1,C,0000-01-21,Barrow
USW00027502,01,22,-14.2,C,0000-01-22,Barrow
USW00027502,01,23,-14.2,C,0000-01-23,Barrow
USW00027502,01,24,-14.2,C,0000-01-24,Barrow
USW00027502,01,25,-14.3,C,0000-01-25,Barrow
USW00027502,01,26,-14.3,C,0000-01-26,Barrow
USW00027502,01,27,-14.3,C,0000-01-27,Barrow
USW00027502,01,28,-14.3,C,0000-01-28,Barrow
USW00027502,01,29,-14.3,C,0000-01-29,Barrow
USW00027502,01,30,-14.3,C,0000-01-30,Barrow
USW00027502,01,31,-14.3,C,0000-01-31,Barrow
USW00027502,02,1,-14.2,C,0000-02-01,Barrow
USW00027502,02,2,-14.2,C,0000-02-02,Barrow
USW00027502,02,3,-14.2,C,0000-02-03,Barrow
USW00027502,02,4,-14.2,C,0000-02-04,Barrow
USW00027502,02,5,-14.2,C,0000-02-05,Barrow
USW00027502,02,6,-14.2,C,0000-02-06,Barrow
USW00027502,02,7,-14.1,C,0000-02-07,Barrow
USW00027502,02,8,-14.1,C,0000-02-08,Barrow
USW00027502,02,9,-14.1,C,0000-02-09,Barrow
USW00027502,02,10,-14.1,C,0000-02-10,Barrow
USW00027502,02,11,-14.1,C,0000-02-11,Barrow
USW00027502,02,12,-14.1,C,0000-02-12,Barrow
USW00027502,02,13,-14.1,C,0000-02-13,Barrow
USW00027502,02,14,-14.1,C,0000-02-14,Barrow
USW00027502,02,15,-14.1,C,0000-02-15,Barrow
USW00027502,02,16,-14.1,C,0000-02-16,Barrow
USW00027502,02,17,-14.1,C,0000-02-17,Barrow
USW00027502,02,18,-14.2,C,0000-02-18,Barrow
USW00027502,02,19,-14.2,C,0000-02-19,Barrow
USW00027502,02,20,-14.2,C,0000-02-20,Barrow
USW00027502,02,21,-14.2,C,0000-02-21,Barrow
USW00027502,02,22,-14.3,C,0000-02-22,Barrow
USW00027502,02,23,-14.3,C,0000-02-23,Barrow
USW00027502,02,24,-14.3,C,0000-02-24,Barrow
USW00027502,02,25,-14.3,C,0000-02-25,Barrow
USW00027502,02,26,-14.4,C,0000-02-26,Barrow
USW00027502,02,27,-14.4,C,0000-02-27,Barrow
USW00027502,02,28,-14.4,C,0000-02-28,Barrow
USW00027502,02,29,-14.4,C,0000-02-29,Barrow
USW00027502,03,1,-14.4,S,0000-03-01,Barrow
USW00027502,03,2,-14.4,S,0000-03-02,Barrow
USW00027502,03,3,-14.5,S,0000-03-03,Barrow
USW00027502,03,4,-14.5,S,0000-03-04,Barrow
USW00027502,03,5,-14.4,S,0000-03-05,Barrow
USW00027502,03,6,-14.4,S,0000-03-06,Barrow
USW00027502,03,7,-14.4,S,0000-03-07,Barrow
USW00027502,03,8,-14.3,S,0000-03-08,Barrow
USW00027502,03,9,-14.3,S,0000-03-09,Barrow
USW00027502,03,10,-14.2,S,0000-03-10,Barrow
USW00027502,03,11,-14.1,S,0000-03-11,Barrow
USW00027502,03,12,-14,S,0000-03-12,Barrow
USW00027502,03,13,-13.9,S,0000-03-13,Barrow
USW00027502,03,14,-13.8,S,0000-03-14,Barrow
USW00027502,03,15,-13.6,S,0000-03-15,Barrow
USW00027502,03,16,-13.4,S,0000-03-16,Barrow
USW00027502,03,17,-13.2,S,0000-03-17,Barrow
USW00027502,03,18,-13,S,0000-03-18,Barrow
USW00027502,03,19,-12.8,S,0000-03-19,Barrow
USW00027502,03,20,-12.5,S,0000-03-20,Barrow
USW00027502,03,21,-12.2,S,0000-03-21,Barrow
USW00027502,03,22,-11.9,S,0000-03-22,Barrow
USW00027502,03,23,-11.6,S,0000-03-23,Barrow
USW00027502,03,24,-11.2,S,0000-03-24,Barrow
USW00027502,03,25,-10.9,S,0000-03-25,Barrow
USW00027502,03,26,-10.5,S,0000-03-26,Barrow
USW00027502,03,27,-10,S,0000-03-27,Barrow
USW00027502,03,28,-9.6,S,0000-03-28,Barrow
USW00027502,03,29,-9.1,S,0000-03-29,Barrow
USW00027502,03,30,-8.6,S,0000-03-30,Barrow
USW00027502,03,31,-8.1,S,0000-03-31,Barrow
USW00027502,04,1,-7.6,C,0000-04-01,Barrow
USW00027502,04,2,-7,C,0000-04-02,Barrow
USW00027502,04,3,-6.5,C,0000-04-03,Barrow
USW00027502,04,4,-5.9,C,0000-04-04,Barrow
USW00027502,04,5,-5.3,C,0000-04-05,Barrow
USW00027502,04,6,-4.7,C,0000-04-06,Barrow
USW00027502,04,7,-4.1,C,0000-04-07,Barrow
USW00027502,04,8,-3.4,C,0000-04-08,Barrow
USW00027502,04,9,-2.8,C,0000-04-09,Barrow
USW00027502,04,10,-2.1,C,0000-04-10,Barrow
USW00027502,04,11,-1.4,C,0000-04-11,Barrow
USW00027502,04,12,-0.8,C,0000-04-12,Barrow
USW00027502,04,13,-0.1,C,0000-04-13,Barrow
USW00027502,04,14,0.6,C,0000-04-14,Barrow
USW00027502,04,15,1.3,C,0000-04-15,Barrow
USW00027502,04,16,2,C,0000-04-16,Barrow
USW00027502,04,17,2.7,C,0000-04-17,Barrow
USW00027502,04,18,3.4,C,0000-04-18,Barrow
USW00027502,04,19,4.1,C,0000-04-19,Barrow
USW00027502,04,20,4.8,C,0000-04-20,Barrow
USW00027502,04,21,5.5,C,0000-04-21,Barrow
USW00027502,04,22,6.2,C,0000-04-22,Barrow
USW00027502,04,23,6.9,C,0000-04-23,Barrow
USW00027502,04,24,7.6,C,0000-04-24,Barrow
USW00027502,04,25,8.3,C,0000-04-25,Barrow
USW00027502,04,26,9,C,0000-04-26,Barrow
USW00027502,04,27,9.7,C,0000-04-27,Barrow
USW00027502,04,28,10.4,C,0000-04-28,Barrow
USW00027502,04,29,11,C,0000-04-29,Barrow
USW00027502,04,30,11.7,C,0000-04-30,Barrow
USW00027502,05,1,12.3,C,0000-05-01,Barrow
USW00027502,05,2,13,C,0000-05-02,Barrow
USW00027502,05,3,13.6,C,0000-05-03,Barrow
USW00027502,05,4,14.3,C,0000-05-04,Barrow
USW00027502,05,5,14.9,C,0000-05-05,Barrow
USW00027502,05,6,15.5,C,0000-05-06,Barrow
USW00027502,05,7,16.1,C,0000-05-07,Barrow
USW00027502,05,8,16.7,C,0000-05-08,Barrow
USW00027502,05,9,17.3,C,0000-05-09,Barrow
USW00027502,05,10,17.9,C,0000-05-10,Barrow
USW00027502,05,11,18.5,C,0000-05-11,Barrow
USW00027502,05,12,19.1,C,0000-05-12,Barrow
USW00027502,05,13,19.6,C,0000-05-13,Barrow
USW00027502,05,14,20.2,C,0000-05-14,Barrow
USW00027502,05,15,20.8,C,0000-05-15,Barrow
USW00027502,05,16,21.3,C,0000-05-16,Barrow
USW00027502,05,17,21.9,C,0000-05-17,Barrow
USW00027502,05,18,22.4,C,0000-05-18,Barrow
USW00027502,05,19,23,C,0000-05-19,Barrow
USW00027502,05,20,23.5,C,0000-05-20,Barrow
USW00027502,05,21,24.1,C,0000-05-21,Barrow
USW00027502,05,22,24.6,C,0000-05-22,Barrow
USW00027502,05,23,25.1,C,0000-05-23,Barrow
USW00027502,05,24,25.7,C,0000-05-24,Barrow
USW00027502,05,25,26.2,C,0000-05-25,Barrow
USW00027502,05,26,26.7,C,0000-05-26,Barrow
USW00027502,05,27,27.2,C,0000-05-27,Barrow
USW00027502,05,28,27.7,C,0000-05-28,Barrow
USW00027502,05,29,28.3,C,0000-05-29,Barrow
USW00027502,05,30,28.8,C,0000-05-30,Barrow
USW00027502,05,31,29.3,C,0000-05-31,Barrow
USW00027502,06,1,29.8,C,0000-06-01,Barrow
USW00027502,06,2,30.2,C,0000-06-02,Barrow
USW00027502,06,3,30.7,C,0000-06-03,Barrow
USW00027502,06,4,31.2,C,0000-06-04,Barrow
USW00027502,06,5,31.7,C,0000-06-05,Barrow
USW00027502,06,6,32.1,C,0000-06-06,Barrow
USW00027502,06,7,32.6,C,0000-06-07,Barrow
USW00027502,06,8,33,C,0000-06-08,Barrow
USW00027502,06,9,33.5,C,0000-06-09,Barrow
USW00027502,06,10,33.9,C,0000-06-10,Barrow
USW00027502,06,11,34.3,C,0000-06-11,Barrow
USW00027502,06,12,34.7,C,0000-06-12,Barrow
USW00027502,06,13,35.1,C,0000-06-13,Barrow
USW00027502,06,14,35.5,C,0000-06-14,Barrow
USW00027502,06,15,35.9,C,0000-06-15,Barrow
USW00027502,06,16,36.3,C,0000-06-16,Barrow
USW00027502,06,17,36.6,C,0000-06-17,Barrow
USW00027502,06,18,37,C,0000-06-18,Barrow
USW00027502,06,19,37.3,C,0000-06-19,Barrow
USW00027502,06,20,37.6,C,0000-06-20,Barrow
USW00027502,06,21,37.9,C,0000-06-21,Barrow
USW00027502,06,22,38.2,C,0000-06-22,Barrow
USW00027502,06,23,38.5,C,0000-06-23,Barrow
USW00027502,06,24,38.7,C,0000-06-24,Barrow
USW00027502,06,25,39,C,0000-06-25,Barrow
USW00027502,06,26,39.2,C,0000-06-26,Barrow
USW00027502,06,27,39.4,C,0000-06-27,Barrow
USW00027502,06,28,39.6,C,0000-06-28,Barrow
USW00027502,06,29,39.8,C,0000-06-29,Barrow
USW00027502,06,30,40,C,0000-06-30,Barrow
USW00027502,07,1,40.1,C,0000-07-01,Barrow
USW00027502,07,2,40.3,C,0000-07-02,Barrow
USW00027502,07,3,40.4,C,0000-07-03,Barrow
USW00027502,07,4,40.5,C,0000-07-04,Barrow
USW00027502,07,5,40.6,C,0000-07-05,Barrow
USW00027502,07,6,40.7,C,0000-07-06,Barrow
USW00027502,07,7,40.8,C,0000-07-07,Barrow
USW00027502,07,8,40.9,C,0000-07-08,Barrow
USW00027502,07,9,41,C,0000-07-09,Barrow
USW00027502,07,10,41,C,0000-07-10,Barrow
USW00027502,07,11,41,C,0000-07-11,Barrow
USW00027502,07,12,41.1,C,0000-07-12,Barrow
USW00027502,07,13,41.1,C,0000-07-13,Barrow
USW00027502,07,14,41.1,C,0000-07-14,Barrow
USW00027502,07,15,41.1,C,0000-07-15,Barrow
USW00027502,07,16,41.1,C,0000-07-16,Barrow
USW00027502,07,17,41.1,C,0000-07-17,Barrow
USW00027502,07,18,41.1,C,0000-07-18,Barrow
USW00027502,07,19,41.1,C,0000-07-19,Barrow
USW00027502,07,20,41.1,C,0000-07-20,Barrow
USW00027502,07,21,41,C,0000-07-21,Barrow
USW00027502,07,22,41,C,0000-07-22,Barrow
USW00027502,07,23,41,C,0000-07-23,Barrow
USW00027502,07,24,40.9,C,0000-07-24,Barrow
USW00027502,07,25,40.9,C,0000-07-25,Barrow
USW00027502,07,26,40.8,C,0000-07-26,Barrow
USW00027502,07,27,40.8,C,0000-07-27,Barrow
USW00027502,07,28,40.7,C,0000-07-28,Barrow
USW00027502,07,29,40.7,C,0000-07-29,Barrow
USW00027502,07,30,40.6,C,0000-07-30,Barrow
USW00027502,07,31,40.5,C,0000-07-31,Barrow
USW00027502,08,1,40.5,C,0000-08-01,Barrow
USW00027502,08,2,40.4,C,0000-08-02,Barrow
USW00027502,08,3,40.3,C,0000-08-03,Barrow
USW00027502,08,4,40.3,C,0000-08-04,Barrow
USW00027502,08,5,40.2,C,0000-08-05,Barrow
USW00027502,08,6,40.1,C,0000-08-06,Barrow
USW00027502,08,7,40.1,C,0000-08-07,Barrow
USW00027502,08,8,40,C,0000-08-08,Barrow
USW00027502,08,9,39.9,C,0000-08-09,Barrow
USW00027502,08,10,39.8,C,0000-08-10,Barrow
USW00027502,08,11,39.7,C,0000-08-11,Barrow
USW00027502,08,12,39.6,C,0000-08-12,Barrow
USW00027502,08,13,39.5,C,0000-08-13,Barrow
USW00027502,08,14,39.4,C,0000-08-14,Barrow
USW00027502,08,15,39.3,C,0000-08-15,Barrow
USW00027502,08,16,39.2,C,0000-08-16,Barrow
USW00027502,08,17,39.1,C,0000-08-17,Barrow
USW00027502,08,18,39,C,0000-08-18,Barrow
USW00027502,08,19,38.8,C,0000-08-19,Barrow
USW00027502,08,20,38.7,C,0000-08-20,Barrow
USW00027502,08,21,38.6,C,0000-08-21,Barrow
USW00027502,08,22,38.4,C,0000-08-22,Barrow
USW00027502,08,23,38.3,C,0000-08-23,Barrow
USW00027502,08,24,38.1,C,0000-08-24,Barrow
USW00027502,08,25,37.9,C,0000-08-25,Barrow
USW00027502,08,26,37.8,C,0000-08-26,Barrow
USW00027502,08,27,37.6,C,0000-08-27,Barrow
USW00027502,08,28,37.4,C,0000-08-28,Barrow
USW00027502,08,29,37.2,C,0000-08-29,Barrow
USW00027502,08,30,37,C,0000-08-30,Barrow
USW00027502,08,31,36.8,C,0000-08-31,Barrow
USW00027502,09,1,36.6,C,0000-09-01,Barrow
USW00027502,09,2,36.4,C,0000-09-02,Barrow
USW00027502,09,3,36.1,C,0000-09-03,Barrow
USW00027502,09,4,35.9,C,0000-09-04,Barrow
USW00027502,09,5,35.7,C,0000-09-05,Barrow
USW00027502,09,6,35.4,C,0000-09-06,Barrow
USW00027502,09,7,35.1,C,0000-09-07,Barrow
USW00027502,09,8,34.9,C,0000-09-08,Barrow
USW00027502,09,9,34.6,C,0000-09-09,Barrow
USW00027502,09,10,34.3,C,0000-09-10,Barrow
USW00027502,09,11,34,C,0000-09-11,Barrow
USW00027502,09,12,33.7,C,0000-09-12,Barrow
USW00027502,09,13,33.3,C,0000-09-13,Barrow
USW00027502,09,14,33,C,0000-09-14,Barrow
USW00027502,09,15,32.7,C,0000-09-15,Barrow
USW00027502,09,16,32.3,C,0000-09-16,Barrow
USW00027502,09,17,32,C,0000-09-17,Barrow
USW00027502,09,18,31.6,C,0000-09-18,Barrow
USW00027502,09,19,31.2,C,0000-09-19,Barrow
USW00027502,09,20,30.8,C,0000-09-20,Barrow
USW00027502,09,21,30.4,C,0000-09-21,Barrow
USW00027502,09,22,30,C,0000-09-22,Barrow
USW00027502,09,23,29.6,C,0000-09-23,Barrow
USW00027502,09,24,29.2,C,0000-09-24,Barrow
USW00027502,09,25,28.8,C,0000-09-25,Barrow
USW00027502,09,26,28.3,C,0000-09-26,Barrow
USW00027502,09,27,27.8,C,0000-09-27,Barrow
USW00027502,09,28,27.4,C,0000-09-28,Barrow
USW00027502,09,29,26.9,C,0000-09-29,Barrow
USW00027502,09,30,26.4,C,0000-09-30,Barrow
USW00027502,10,1,25.9,S,0000-10-01,Barrow
USW00027502,10,2,25.4,S,0000-10-02,Barrow
USW00027502,10,3,24.9,S,0000-10-03,Barrow
USW00027502,10,4,24.4,S,0000-10-04,Barrow
USW00027502,10,5,23.8,S,0000-10-05,Barrow
USW00027502,10,6,23.3,S,0000-10-06,Barrow
USW00027502,10,7,22.7,S,0000-10-07,Barrow
USW00027502,10,8,22.1,S,0000-10-08,Barrow
USW00027502,10,9,21.6,S,0000-10-09,Barrow
USW00027502,10,10,21,S,0000-10-10,Barrow
USW00027502,10,11,20.4,S,0000-10-11,Barrow
USW00027502,10,12,19.8,S,0000-10-12,Barrow
USW00027502,10,13,19.2,S,0000-10-13,Barrow
USW00027502,10,14,18.6,S,0000-10-14,Barrow
USW00027502,10,15,18,S,0000-10-15,Barrow
USW00027502,10,16,17.3,S,0000-10-16,Barrow
USW00027502,10,17,16.7,S,0000-10-17,Barrow
USW00027502,10,18,16.1,S,0000-10-18,Barrow
USW00027502,10,19,15.5,S,0000-10-19,Barrow
USW00027502,10,20,14.8,S,0000-10-20,Barrow
USW00027502,10,21,14.2,S,0000-10-21,Barrow
USW00027502,10,22,13.6,S,0000-10-22,Barrow
USW00027502,10,23,12.9,S,0000-10-23,Barrow
USW00027502,10,24,12.3,S,0000-10-24,Barrow
USW00027502,10,25,11.7,S,0000-10-25,Barrow
USW00027502,10,26,11.1,S,0000-10-26,Barrow
USW00027502,10,27,10.4,S,0000-10-27,Barrow
USW00027502,10,28,9.8,S,0000-10-28,Barrow
USW00027502,10,29,9.2,S,0000-10-29,Barrow
USW00027502,10,30,8.6,S,0000-10-30,Barrow
USW00027502,10,31,8,S,0000-10-31,Barrow
USW00027502,11,1,7.4,C,0000-11-01,Barrow
USW00027502,11,2,6.8,C,0000-11-02,Barrow
USW00027502,11,3,6.3,C,0000-11-03,Barrow
USW00027502,11,4,5.7,C,0000-11-04,Barrow
USW00027502,11,5,5.2,C,0000-11-05,Barrow
USW00027502,11,6,4.6,C,0000-11-06,Barrow
USW00027502,11,7,4.1,C,0000-11-07,Barrow
USW00027502,11,8,3.6,C,0000-11-08,Barrow
USW00027502,11,9,3.1,C,0000-11-09,Barrow
USW00027502,11,10,2.6,C,0000-11-10,Barrow
USW00027502,11,11,2.1,C,0000-11-11,Barrow
USW00027502,11,12,1.7,C,0000-11-12,Barrow
USW00027502,11,13,1.2,C,0000-11-13,Barrow
USW00027502,11,14,0.8,C,0000-11-14,Barrow
USW00027502,11,15,0.4,C,0000-11-15,Barrow
USW00027502,11,16,0,C,0000-11-16,Barrow
USW00027502,11,17,-0.4,C,0000-11-17,Barrow
USW00027502,11,18,-0.8,C,0000-11-18,Barrow
USW00027502,11,19,-1.1,C,0000-11-19,Barrow
USW00027502,11,20,-1.5,C,0000-11-20,Barrow
USW00027502,11,21,-1.8,C,0000-11-21,Barrow
USW00027502,11,22,-2.1,C,0000-11-22,Barrow
USW00027502,11,23,-2.4,C,0000-11-23,Barrow
USW00027502,11,24,-2.7,C,0000-11-24,Barrow
USW00027502,11,25,-3,C,0000-11-25,Barrow
USW00027502,11,26,-3.3,C,0000-11-26,Barrow
USW00027502,11,27,-3.5,C,0000-11-27,Barrow
USW00027502,11,28,-3.8,C,0000-11-28,Barrow
USW00027502,11,29,-4,C,0000-11-29,Barrow
USW00027502,11,30,-4.3,C,0000-11-30,Barrow
USW00027502,12,1,-4.5,C,0000-12-01,Barrow
USW00027502,12,2,-4.8,C,0000-12-02,Barrow
USW00027502,12,3,-5,C,0000-12-03,Barrow
USW00027502,12,4,-5.2,C,0000-12-04,Barrow
USW00027502,12,5,-5.4,C,0000-12-05,Barrow
USW00027502,12,6,-5.6,C,0000-12-06,Barrow
USW00027502,12,7,-5.8,C,0000-12-07,Barrow
USW00027502,12,8,-6.1,C,0000-12-08,Barrow
USW00027502,12,9,-6.3,C,0000-12-09,Barrow
USW00027502,12,10,-6.5,C,0000-12-10,Barrow
USW00027502,12,11,-6.7,C,0000-12-11,Barrow
USW00027502,12,12,-6.9,C,0000-12-12,Barrow
USW00027502,12,13,-7.1,C,0000-12-13,Barrow
USW00027502,12,14,-7.3,C,0000-12-14,Barrow
USW00027502,12,15,-7.5,C,0000-12-15,Barrow
USW00027502,12,16,-7.8,C,0000-12-16,Barrow
USW00027502,12,17,-8,C,0000-12-17,Barrow
USW00027502,12,18,-8.2,C,0000-12-18,Barrow
USW00027502,12,19,-8.4,C,0000-12-19,Barrow
USW00027502,12,20,-8.6,C,0000-12-20,Barrow
USW00027502,12,21,-8.9,C,0000-12-21,Barrow
USW00027502,12,22,-9.1,C,0000-12-22,Barrow
USW00027502,12,23,-9.3,C,0000-12-23,Barrow
USW00027502,12,24,-9.5,C,0000-12-24,Barrow
USW00027502,12,25,-9.8,C,0000-12-25,Barrow
USW00027502,12,26,-10,C,0000-12-26,Barrow
USW00027502,12,27,-10.2,C,0000-12-27,Barrow
USW00027502,12,28,-10.5,C,0000-12-28,Barrow
USW00027502,12,29,-10.7,C,0000-12-29,Barrow
USW00027502,12,30,-10.9,C,0000-12-30,Barrow
USW00027502,12,31,-11.1,C,0000-12-31,Barrow
